frame,x,y
25,,
50,,
75,135.68,622.08
100,106.24,593.92
125,89.6,616.96
150,124.16,596.48
175,98.56,604.16
200,125.44,591.36
225,282.88,636.16
250,355.84,711.68
275,407.04,700.16
300,357.12,631.04
325,364.8,500.48
350,78.08,695.04
375,574.72,579.84
400,524.8,183.04
425,474.88,216.32
450,458.24,211.2
475,480.0,373.76
500,,
525,,
550,,
575,510.72,514.56
600,491.52,512.0
625,487.68,499.2
650,486.4,517.12
675,485.12,512.0
700,503.04,436.48
725,488.96,376.32
750,467.2,432.64
775,540.16,384.0
800,540.16,399.36
825,529.92,419.84
850,,
875,552.96,326.4
900,555.52,416.0
925,542.72,413.44
950,,
975,559.36,417.28
1000,944.64,496.64
1025,1301.76,308.48
1050,1262.08,490.24
1075,1368.32,282.88
1100,1027.84,574.72
1125,,
1150,1409.28,235.52
1175,1754.88,608.0
1200,,
1225,,
1250,,
1275,,
1300,,
1325,,
1350,,
1375,,
1400,,
1425,1406.72,331.52
1450,1249.28,363.52
1475,1203.2,817.92
1500,826.88,1035.52
1525,,
1550,715.52,704.0
1575,751.36,746.24
1600,1333.76,352.0
1625,,
1650,952.32,272.64
1675,1396.48,302.08
1700,,
1725,,
1750,,
1775,1186.56,439.04
1800,,
1825,286.72,743.68
1850,693.76,595.2
1875,,
1900,846.08,509.44
1925,866.56,732.16
1950,910.08,276.48
1975,1254.4,335.36
2000,956.16,263.68
2025,1251.84,344.32
2050,,
2075,,
2100,,
2125,,
2150,,
2175,1390.08,433.92
2200,,
2225,1255.68,309.76
2250,701.44,519.68
2275,1352.96,302.08
2300,1131.52,542.72
2325,1315.84,407.04
2350,1073.92,144.64
2375,1135.36,471.04
2400,1088.0,648.96
2425,1281.28,372.48
2450,1347.84,350.72
2475,,
2500,1283.84,264.96
2525,753.92,733.44
2550,1098.24,320.0
2575,,
2600,1335.04,166.4
2625,911.36,471.04
2650,,
2675,591.36,904.96
2700,631.04,972.8
2725,1058.56,674.56
2750,1583.36,248.32
2775,1103.36,751.36
2800,1388.8,276.48
2825,,
2850,,
2875,,
2900,,
2925,,
2950,,
2975,1478.4,243.2
3000,847.36,307.2
3025,,
3050,716.8,986.88
3075,1242.88,568.32
3100,1401.6,207.36
3125,1122.56,445.44
3150,1227.52,171.52
3175,,
3200,,
3225,,
3250,,
3275,1619.2,352.0
3300,732.16,527.36
3325,1520.64,303.36
3350,698.88,387.84
3375,1852.16,477.44
3400,,
3425,,
3450,1313.28,322.56
3475,997.12,350.72
3500,1610.24,258.56
3525,1043.2,231.68
3550,1306.88,307.2
3575,1162.24,147.2
3600,1387.52,58.88
3625,1262.08,172.8
3650,,
3675,,
3700,,
3725,,
3750,,
3775,,
3800,,
3825,,
3850,,
3875,,
3900,,
3925,,
3950,,
3975,,
4000,,
4025,,
4050,791.04,285.44
4075,1323.52,245.76
4100,1365.76,58.88
4125,839.68,328.96
4150,,
4175,,
4200,,
4225,,
4250,1230.08,218.88
4275,1153.28,340.48
4300,1167.36,349.44
4325,870.4,336.64
4350,,
4375,755.2,551.68
4400,702.72,928.0
4425,669.44,441.6
4450,1436.16,291.84
4475,642.56,350.72
4500,,
4525,,
4550,,
4575,,
4600,,
4625,659.2,358.4
4650,,
4675,764.16,94.72
4700,,
4725,1432.32,302.08
4750,1610.24,257.28
4775,,
4800,1244.16,331.52
4825,1104.64,272.64
4850,1326.08,176.64
4875,1144.32,627.2
4900,,
4925,627.2,995.84
4950,286.72,624.64
4975,,
5000,1013.76,289.28
5025,1409.28,313.6
5050,1420.8,357.12
5075,1338.88,272.64
5100,1135.36,522.24
5125,1431.04,355.84
5150,1251.84,446.72
5175,1349.12,409.6
5200,,
5225,,
5250,,
5275,,
5300,,
5325,723.2,189.44
